ID,Title,Location,Career,Sector
45822957,Python(파이썬) Backend(4년 이상),서울 서초구,,"Python, 백엔드/서버개발, 웹개발, 프론트엔드, SE(시스템엔지니어) 외 수정일 23/09/18"
46744094,[올라개발팀] Python(파이썬) 개발자,서울 강남구,,"Python, 백엔드/서버개발, 웹개발, 퍼블리셔, 프론트엔드 외 등록일 23/10/12"
46613076,백엔드 개발자 (Python) 서버 개발,서울 광진구,,"Python, 백엔드/서버개발, 웹개발, 인프라, AWS 외 등록일 23/09/19"
46726552,"Data Engineer (Python, SQL)",서울전체,,"Python, SE(시스템엔지니어), 데이터마이닝, 데이터시각화, 빅데이터 외 등록일 23/10/10"
46486275,"2023년 데이터분석, 개발 (Python/JAVA/SAS) 정규직 채용",대전 유성구,,"Python, 데이터분석가, 빅데이터, AI(인공지능), Java 외 등록일 23/09/01"
46750021,"파이썬(Python), Node.js 개발자 모집(신입,경력)",서울 성동구,,"Python, 백엔드/서버개발, API, Git, MariaDB 외 등록일 23/10/12"
46529044,특허/상표 데이터 등 분석(Python) 및 사업 기획 모집,서울 강남구,,"Python, 데이터분석가, 머신러닝, 빅데이터, 크롤링 외 수정일 23/09/21"
46727098,Python Developer,서울 강남구,,"Python, 기술지원, API 수정일 23/10/10"
46727155,[연7000만/(자사)차세대SW] R&D1팀 Java개발(AI/Python),서울 동작구,,"Python, 백엔드/서버개발, 앱개발, 웹개발, 정보보안 외 등록일 23/10/10"
46684861,Python / 백엔드 개발자 경력 채용,서울 마포구,,"Python, 백엔드/서버개발, 앱개발, 웹개발, S/W 외 수정일 23/10/04"
46689679,REACT · PHP · PYTHON 개발자 채용,서울 영등포구,,"Python, 백엔드/서버개발, 앱개발, 웹개발, 퍼블리셔 외 수정일 23/10/11"
46445123,"[채용] C#/Python/Unity, Back-End 및 AI 로봇(ROS) 인공지능",서울 금천구,,"Python, AI(인공지능), C#, Java, Node.js 외 수정일 23/09/06"
46547326,"Python/FastAPI 개발자, 디자이너, 퍼블리셔, 기획자 신입/경력",서울 강남구,,"Python, 백엔드/서버개발, 앱개발, 웹개발, 퍼블리셔 외 수정일 23/09/10"
46651495,"웹개발(Python,PHP/Java·JSP/백엔드) 채용",서울 동작구,,"Python, 백엔드/서버개발, 웹개발, Java, PHP 외 등록일 23/09/25"
45981773,이커머스 솔루션 Python Backend 개발자,서울 강남구,,"Python, 백엔드/서버개발, 웹개발, 프론트엔드, SE(시스템엔지니어) 외 수정일 23/08/22"
46730711,센서 통신 응용 프로그램 개발자(Python/C#),대전 유성구,,"Python, S/W, .NET, C#, Java 외 수정일 23/10/10"
46737282,[AI] Python JAVA 머신러닝 개발자 모집,대전 유성구,,"Python, 데이터라벨링, 데이터마이닝, 데이터시각화, 딥러닝 외 등록일 23/10/11"
46641946,"E-wallet서비스 백엔드 개발팀 대리,과장급 (Python, Django)",대구 서구,,"Python, 백엔드/서버개발, 웹개발, 유지보수, 프론트엔드 외 수정일 23/10/14"
46627463,"개발자 모집(JAVA, C#, PYTHON 등)",경기 용인시 기흥구,,"Python, 백엔드/서버개발, 웹개발, C#, Java 외 수정일 23/10/04"
42358916,"[패스오더] 백엔드 개발자 (Spring, Python, MSA) (병역특례/산업기능요원/보충역/전직)",서울 강남구,,"Python, 백엔드/서버개발, 웹개발, DBA, SE(시스템엔지니어) 외 수정일 23/08/31"
46436999,"[모빌테크] C/C++, Python 개발자 모집 (신입/경력)",서울 서초구,,"Python, 데이터엔지니어, 웹개발, 데이터시각화, 빅데이터 외 수정일 23/10/05"
46641840,"백엔드 서버개발자 정규직 채용 ( MySQL , C언어 , Python )",서울 송파구,,"Python, 백엔드/서버개발, C언어, MySQL, IT·통신기기판매 수정일 23/09/26"
46684787,"머신러닝&인공지능(AI)&Python 外 정규직, 인턴 채용 연장",서울 중구,,"Python, 데이터분석가, 머신러닝, 빅데이터, AI(인공지능) 외 등록일 23/10/04"
46600850,"python,인공지능개발자 신입/경력채용[정규직]",대전 유성구,,"Python, 딥러닝, AI(인공지능), 알고리즘, SI·시스템통합 외 등록일 23/09/18"
46604451,[파운트/핀테크] RA(로보어드바이저) 백엔드 개발자(Python),서울 중구,,"Python, 백엔드/서버개발, 웹개발, DBA, SE(시스템엔지니어) 외 수정일 23/09/22"
46716641,"[치코셀] 온라인쇼핑몰 개발팀 ( Python, 백엔드, DB ) 채용",서울 용산구,,"Python, 데이터엔지니어, 데이터마이닝, 빅데이터, API 외 등록일 23/10/08"
46725357,"프로그래밍(JAVA, Python) / 디자인 / OA 분야 강사 채용",충북 청주시 상당구,,"Python, 데이터분석가, 백엔드/서버개발, 앱개발, 웹개발 외 등록일 23/10/10"
46635931,Python 개발자 채용,서울 성동구,,"Python, 백엔드/서버개발, 솔루션, Django, Flask 외 수정일 23/10/06"
46730662,[주4.5일] Python 개발직무 경력 채용,서울 구로구,,"Python, 백엔드/서버개발, 데이터마이닝, 딥러닝, 머신러닝 외 등록일 23/10/10"
46732854,[(주)ATG 백엔드 개발자(JAVA / Python 가능자) 경력 채용],경기 성남시 분당구,,"Python, 백엔드/서버개발, SE(시스템엔지니어), 정보통신, RDBMS 외 등록일 23/10/11"
46674748,C# / Python / JAVA 소프트웨어 개발자 채용 (신입/경력),경기 용인시 기흥구,,"Python, 백엔드/서버개발, 프론트엔드, 딥러닝, 머신러닝 외 수정일 23/10/12"
45865684,[운영개선팀] Python(파이썬) 개발자,서울 강남구,,"Python, 백엔드/서버개발, 웹개발, 퍼블리셔, 프론트엔드 외 수정일 23/06/07"
46697604,"코박(Cobak) 백엔드 개발자 [3년 이상](Python,Django)",경기전체,,"Python, 백엔드/서버개발, 웹개발, Django, Git 외 수정일 23/10/11"
46708095,Python Backend Developer (Middle),서울 강남구,,"Python, 백엔드/서버개발, 웹개발, DBA, 인프라 외 등록일 23/10/06"
46450048,차량용 Software Test 자동화 개발(Python) 및 검증,인천 서구,,"Python, 솔루션, S/W, 솔루션업체, 소프트웨어개발 등록일 23/08/28"
46379874,"머신비전 개발자 , C/C++/C#, OpenCV, MIL, PYTHON, 딥러닝",경기 용인시 기흥구,,"Python, 머신러닝, 빅데이터, S/W, AI(인공지능) 외 수정일 23/09/16"
46678964,"[에이블맥스(주)] ICT기술팀 연구개발자(Python, C++ 등) 채용",서울 강남구,,"Python, 기술지원, 데이터분석가, 데이터엔지니어, SE(시스템엔지니어) 외 등록일 23/10/04"
46407117,헬리오센(주) Python 응용S/W 개발자 경력 채용,경기 성남시 분당구,,"Python, 백엔드/서버개발, 프론트엔드, C#, C++ 외 등록일 23/08/22"
41068534,"[패스오더] 백엔드 개발자(Spring, Python, MSA)",서울 강남구,,"Python, 백엔드/서버개발, 웹개발, SE(시스템엔지니어), 인프라 외 수정일 23/10/10"
46462893,[핀테크/python] RA(Robo-Advisor) 백엔드 엔지니어 (5년 이상),서울 중구,,"Python, 백엔드/서버개발, 앱개발, 웹개발, 솔루션 외 등록일 23/08/29"
46721384,(주)모나미 IT기획실 외 각 부문별 경력•신입 모집,경기 용인시 수지구,,"유통업, 무역업, 상사, 기술지원, 데이터분석가 외 수정일 23/10/13"
45830191,"강림중공업, 강림인슈 신입/경력 채용",경남 창원시,,"기타제조업, 백엔드/서버개발, 정보보안, SE(시스템엔지니어), 네트워크 외 수정일 23/09/08"
46721106,캐논코리아 각 부문 채용,서울 강남구,,"기타제조업, 기술지원, SE(시스템엔지니어), Linux, React 외 수정일 23/10/10"
46665531,"[쿠팡] 상품 품질관리 운영 담당자(계약직, 신입가능)",서울 송파구,,"전자상거래, 쇼핑몰, 오픈마켓, 사무직, 문서작성 외 수정일 23/09/27"
46532972,(주)보령 2023년 하반기 신입&경력 공개채용,전국,,"의약·제약, 바이오, ERP, SAP, ERP 외 수정일 23/10/11"
46657285,㈜코리아디펜스인더스트리 공개채용,세종특별자치시,,"화공, 전산회계, 계산서발행, 관리회계, 급여(Payroll) 외 수정일 23/09/27"
46211862,㈜하나기술 2023년 하반기 각 부문별 직원 채용 공고,경기 용인시,,"기계, 기계설비, 기계설계, 정보보안, SE(시스템엔지니어) 외 수정일 23/09/04"
46708069,2023년 오스템임플란트 각 부문 채용,서울 강서구,,"의료·보건, 바이오, 기술지원, 데이터분석가, 데이터엔지니어 외 수정일 23/10/06"
46694642,(주)용산 및 관계사 사업장별 직원 모집,충남 아산시,,"자동차부품, 백엔드/서버개발, 보안컨설팅, 유지보수, 정보보안 외 수정일 23/10/05"
46657954,2023년 해커스 교육그룹 [신입/경력] 각 부문별 채용공고,서울 서초구,,"어학원, 유학원, 백엔드/서버개발, 앱개발, 웹개발 외 수정일 23/10/01"
46724475,"[동구바이오제약] 생산,공장 부문 수시채용(신입/경력)",경기 화성시,,"화장품, 의약·제약, 의료·보건, 시설관리, 제약QA 외 수정일 23/10/10"
46537614,2023년 하반기 각 사업부별 우수인재 모집 공고,충남 천안시 동남구,,"화학, 전산회계, 관리회계, 기업회계, 법인결산 외 수정일 23/10/13"
46709079,안국약품㈜ 9월 신입 및 경력직 채용,서울 영등포구,,"건강보조식품, 의약·제약, 바이오, 생명공학, 총무 외 수정일 23/10/06"
46041620,㈜우진플라임 부문별 인재채용,충북 보은군,,"기계, 기계설비, 기계설계, 데이터분석가, 백엔드/서버개발 외 수정일 23/10/10"
46666243,2023 각 부문 경력 대규모 채용,서울 성북구,,"의약·제약, 바이오, 생명공학, 유지보수, SE(시스템엔지니어) 외 수정일 23/10/13"
46698523,2023년 하반기 경력/신입사원 채용,서울전체,,"건설회사, 토목회사, 건축, 유지보수, SE(시스템엔지니어) 외 수정일 23/10/06"
46720897,2023년 하반기 부문별 경력/신입사원 채용,충남 아산시,,"자동차, 자동차부품, H/W, MCU, S/W 외 수정일 23/10/13"
46710341,(SK계열사) 신입 및 경력직원 채용공고,경기 군포시,,"SI·시스템통합, ERP, 시스템관리, 솔루션업체, 소프트웨어개발 외 수정일 23/10/13"
46738796,각 부문 신입/경력사원 모집,서울 영등포구,,"자동차부품, 기술지원, 데이터분석가, 데이터엔지니어, 백엔드/서버개발 외 수정일 23/10/12"
46707332,㈜삼영기업 2023년 하반기 신입/경력 채용공고,서울 서초구,,"건설회사, 건설현장, 전산회계, 기업회계, 내부감사 외 수정일 23/10/11"
46648364,㈜건양아이티티 영업/전산/기계설계/생산/생산관리/구매외주 인재채용,부산 강서구,,"Python, 백엔드/서버개발, 앱개발, 웹개발, 웹마스터 외 수정일 23/09/26"
46690670,[순환기내과] 연구원 채용,광주 동구,,"Python, 기술지원, 데이터분석가, 딥러닝, 머신러닝 외 수정일 23/10/04"
46727894,(주)이노룰스 솔루션 컨설팅/AI 플랫폼 개발/SI개발 상시채용,서울 송파구,,"Python, 데이터분석가, 데이터엔지니어, DBA, IT컨설팅 외 수정일 23/10/13"
46621423,2024년 ㈜케이피아이씨코포레이션 경력 · 신입 공개채용,서울 중구,,"Python, 백엔드/서버개발, 웹개발, 정보보안, 프론트엔드 외 수정일 23/10/04"
46684567,JAVA 개발자 신입 및 경력 채용,서울 금천구,,"Python, 기술지원, 데이터분석가, 데이터엔지니어, 백엔드/서버개발 외 수정일 23/10/06"
46423008,DKBMC 각 부문별 신입/경력 채용 (Salesforce Solution),서울 강남구,,"Python, 백엔드/서버개발, 웹개발, 정보보안, 퍼블리셔 외 수정일 23/10/11"
46341376,차량 SW · ICT · 경영지원 부문 채용,서울 강남구,,"Python, 기술지원, 데이터분석가, 백엔드/서버개발, 보안컨설팅 외 수정일 23/09/27"
46666880,2023년 10월 NE능률 신입 및 경력(수시) 채용,서울 마포구,,"Python, 백엔드/서버개발, 보안컨설팅, 유지보수, 정보보안 외 수정일 23/10/01"
46616971,네이버 클라우드 AI/빅데이터 사이버보안 개발자 양성과정 교육생 모집,서울 강서구,,"Python, 기술지원, 데이터분석가, 데이터엔지니어, 백엔드/서버개발 외 수정일 23/09/20"
46700212,㈜클로잇 23년도 수시채용,서울 마포구,,"클라우드, RDBMS, 아키텍쳐, AWS, NoSQL 외 수정일 23/10/06"
46509298,[리트빅] 부문별 신입/경력 인재 상시채용,경기 성남시 분당구,,"Python, 기술지원, 데이터분석가, 데이터엔지니어, 백엔드/서버개발 외 수정일 23/10/12"
46686888,[DB하이텍 & DB글로벌칩] 경력사원 공개채용 (10월),경기 부천시,,"해외영업관리, 해외영업지원, QA, 품질분석, ESG 외 수정일 23/10/04"
46725009,[쿠팡이츠서비스] 배달 운영 분석 담당자,서울 강남구,,"Python, 데이터분석가, 데이터분석, 음식료, 식품·푸드 수정일 23/10/11"
46627650,[알라딘] 검색 개발자,서울 중구,,"Python, 백엔드/서버개발, 검색엔진, API, DevOps 외 수정일 23/09/21"
46471991,[네오플] 프로그래밍/기술지원 직군 분야별 모집,제주 제주시,,"Python, 게임개발, 백엔드/서버개발, 네트워크, 액션스크립트 외 수정일 23/10/12"
46617491,프론트엔드/백엔드 앱/웹 JAVA PHP 클라우드 서비스 개발자 모집,경기 성남시 분당구,,"Python, 백엔드/서버개발, 웹개발, 프론트엔드, AWS 외 등록일 23/09/20"
46658295,[LG그룹] 자동차 전장(AVN) 품질Solution(Teamcenter) 경력직 채용,서울 마포구,,"Python, 백엔드/서버개발, 앱개발, 웹개발, 웹마스터 외 수정일 23/10/10"
46681940,유디에스(주) 정규직 채용 (경영지원/총무 ),경기 성남시 수정구,,"비품관리, 시설관리, 경영지원, 인력관리, 생산관리 외 등록일 23/10/04"
46595262,[쿠팡] Principal Business Analyst (CMG),서울 송파구,,"Python, 데이터분석가, 빅데이터, 통계/분석, 경영기획 외 등록일 23/09/16"
46629143,"Senior, Application Operation Engineer (M365)",서울 강남구,,"Python, 백엔드/서버개발, SE(시스템엔지니어), 인프라, 유지보수 외 등록일 23/09/21"
46685813,[CJ그룹 계열사] Diware 하반기 IT직무 경력사원 공개채용,서울 용산구,,"데이터분석가, 백엔드/서버개발, 앱개발, 웹개발, 퍼블리셔 외 수정일 23/10/11"
46471982,[네오플] 게임그래픽 직군 분야별 모집,제주 제주시,,"Python, 게임개발, 모델링, 게임디자인, 모바일디자인 외 수정일 23/10/05"
46667497,[인텔리전스랩스] 데이터 분석가 (넥슨 플랫폼),경기 성남시 분당구,,"Python, 데이터분석가, 머신러닝, 모델링, GCP 외 등록일 23/09/27"
46752878,"인천지역/머신 비전 SW 개발, C++, C# 개발자 모집 Cognex, MIL",인천 미추홀구,,"Python, S/W, .NET, C#, C++ 외 등록일 23/10/13"
46515991,[쿠팡] Business Analyst (비즈니스 데이터 분석) 경력자,서울 송파구,,"Python, 데이터분석가, 빅데이터, 통계/분석, 경영기획 외 수정일 23/09/05"
46706765,"새움소프트와 함께 할 프론트엔드 웹개발 (JSP, Vue / React)",경기 안양시 만안구,,"Python, 백엔드/서버개발, 앱개발, 웹개발, 프론트엔드 외 수정일 23/10/06"
46756590,[웨이즈원(주)] 웹기반 LDM Twin 시스템 개발자 모집,경기 성남시 분당구,,"Python, 데이터분석가, 데이터엔지니어, 백엔드/서버개발, 앱개발 외 등록일 23/10/13"
46650060,지니틱스 각 부문 엔지니어 모집,경기 용인시 기흥구,,"Python, FAE, QA/테스터, SE(시스템엔지니어), 알고리즘 외 수정일 23/09/26"
46681608,AI연구소 연구원 채용[서울강남],서울 서초구,,"Python, 백엔드/서버개발, 데이터시각화, 딥러닝, 머신러닝 외 수정일 23/10/04"
46665769,[LG그룹] 스마트팩토리 경력직 채용,서울 마포구,,"Python, 백엔드/서버개발, 앱개발, 웹개발, 웹마스터 외 수정일 23/09/27"
46708888,개발자채용 ( 웹 / Backend / Android / IOS / AI ),서울 마포구,,"Python, 백엔드/서버개발, 보안컨설팅, 앱개발, 웹개발 외 수정일 23/10/10"
46628992,[D2C 미디어커머스] 마케터/PD/인플루언서매니저/MD/데이터분석가,서울 구로구,,"Python, 데이터분석가, 데이터엔지니어, 데이터라벨링, 데이터마이닝 외 수정일 23/09/22"
46645779,하반기 각 부문 신입/경력사원 공개채용,경기 화성시,,"Python, 기술지원, 데이터분석가, 데이터엔지니어, 유지보수 외 수정일 23/10/05"
46666799,[에듀테크 스타트업 오누이] 분야별 채용,서울 마포구,,"Python, 기술지원, 데이터분석가, 데이터엔지니어, 백엔드/서버개발 외 수정일 23/09/27"
46704256,웹개발 JAVA JSP SI 개발 경력 사원 공개채용(서울 / 경기),경기 안양시 만안구,,"Python, 백엔드/서버개발, 앱개발, 웹개발, 프론트엔드 외 수정일 23/10/06"
46731558,"SW 개발(JAVA) 연구원 채용(신입, 경력 무관)",경기 성남시 분당구,,"Python, 백엔드/서버개발, 프론트엔드, DBMS, S/W 외 수정일 23/10/10"
46536573,[직영] DYB최선어학원 각 부문 STAFF 모집,서울 강남구,,"Python, 영상처리, Ajax, AWS, HTML 외 수정일 23/09/20"
46598098,[하나금융그룹 자회사] 경력직 수시 채용,서울 중구,,"Python, 백엔드/서버개발, 웹개발, 정보보안, 퍼블리셔 외 수정일 23/09/19"
46755545,[삼성SDS자회사] (주)시큐아이 경력사원 채용공고(관제운영),서울 종로구,,"Python, 보안컨설팅, 정보보안, CISO, SE(시스템엔지니어) 외 등록일 23/10/13"
46267794,2023년 IT부문 및 일반부문 신입/경력직 채용공고,서울 영등포구,,"Python, 백엔드/서버개발, 보안컨설팅, 앱개발, 웹개발 외 수정일 23/09/19"
46736326,데이터애널리스트/CRM마케터/보험상품개발/계리/IFRS17 채용,서울 용산구,,"Python, 데이터분석가, 데이터엔지니어, 빅데이터, SOA 외 수정일 23/10/12"
46166825,2023년 하반기 각 부문 신입/경력 상시 채용,서울 서초구,,"Python, 기술지원, 데이터분석가, 백엔드/서버개발, 보안컨설팅 외 수정일 23/10/06"
46682428,도미노피자 각 부문 (자회사 포함) 공개 채용,서울 강남구,,"Python, 기술지원, 데이터분석가, 데이터엔지니어, 백엔드/서버개발 외 수정일 23/10/06"
46757387,[대구본사] 하반기 채용 공고(영업/회계/개발 등),대구 수성구,,"Python, 기술지원, 유지보수, 정보보안, SI개발 외 수정일 23/10/13"
46701770,2024 NE능률 영어 콘텐츠 개발 신입/경력 공개채용,서울 마포구,,"Python, 백엔드/서버개발, 보안컨설팅, 유지보수, 정보보안 외 수정일 23/10/06"
46686986,"경력직 채용공고 (PM, 분석설계, 클라우드, 영업)",서울 종로구,,"Python, 기술지원, 데이터분석가, 앱개발, 유지보수 외 수정일 23/10/11"
46420753,기획/PM/개발PL(JAVA)/웹개발(JAVA)/데이터분석 부문 채용,서울 송파구,,"Python, 백엔드/서버개발, 유지보수, 머신러닝, 빅데이터 외 수정일 23/09/01"
46725976,2023 FM커뮤니케이션즈 하반기 공채 및 경력 상시채용,서울 서초구,,"Python, 데이터분석가, 데이터엔지니어, 백엔드/서버개발, 웹개발 외 수정일 23/10/10"
46747295,메이크샵 사업부 대규모 인재 모집,서울 금천구,,"Python, 백엔드/서버개발, 앱개발, 웹개발, 정보보안 외 수정일 23/10/13"
46700437,㈜젬백스링크 & ㈜젬백스링크아이 IT사업부 및 해외패션사업부 각 담당자 채용,서울 영등포구,,"Python, 기술지원, 데이터분석가, 데이터엔지니어, 백엔드/서버개발 외 수정일 23/10/10"
46627816,2023년 하반기 신입/경력직 공개채용,서울 송파구,,"Python, 기술지원, 데이터엔지니어, 백엔드/서버개발, 프론트엔드 외 수정일 23/09/27"
46745196,2023 ㈜아이스크림아트 각 부문별 공개 채용,서울 강남구,,"Python, 백엔드/서버개발, 웹개발, 유지보수, 프론트엔드 외 수정일 23/10/12"
45530249,[예비 유니콘] 골프 IT 플랫폼 스마트스코어 신입/경력 수시채용,서울 강남구,,"Python, 기술지원, 데이터분석가, 데이터엔지니어, 백엔드/서버개발 외 수정일 23/10/12"
46651812,2023년 하반기 TmaxGroup 신입/경력 대규모 채용,경기 성남시 분당구,,"Python, 기술지원, 데이터분석가, 백엔드/서버개발, 보안컨설팅 외 수정일 23/09/26"
46759630,2023년 ㈜메디씽큐 각 부문 신입 및 경력 채용,경기 성남시,,"Python, 기술지원, 데이터분석가, 데이터엔지니어, 백엔드/서버개발 외 수정일 23/10/14"
46687570,Research Scientist (연구과학자) 모집,서울 강남구,,"Python, 데이터분석가, 데이터엔지니어, 데이터마이닝, 데이터시각화 외 수정일 23/10/06"
46749728,인프라소프트㈜ 신입 및 경력직 채용,서울 마포구,,"Python, 데이터엔지니어, 백엔드/서버개발, 웹개발, 웹마스터 외 수정일 23/10/13"
46736331,백엔드 개발자,서울전체,,"Python, 백엔드/서버개발, 웹개발, 인프라, AWS 외 수정일 23/10/11"
46755623,[가산동/주5일] 명품이커머스/개발팀 주니어 채용,서울 금천구,,"Python, 백엔드/서버개발, 웹개발, 네트워크, 솔루션 외 수정일 23/10/13"
46667181,2023년 하반기 각 부문별 신입/경력 모집,경기 화성시,,"Python, 자율주행, 펌웨어, S/W, 어셈블리 외 수정일 23/09/27"
46666198,2023년 한국가이던스 하반기 신입/경력 공개 채용,경기 성남시 분당구,,"Python, 기술지원, 데이터엔지니어, 백엔드/서버개발, 웹개발 외 수정일 23/09/28"
46704717,Full Stack 웹개발(신입/경력) 채용,서울전체,,"Python, 백엔드/서버개발, 웹개발, 퍼블리셔, 프론트엔드 외 등록일 23/10/06"
46735179,(주)넷맨 연구소 신입/경력 모집,서울 금천구,,"Python, 백엔드/서버개발, 보안컨설팅, 웹개발, 프론트엔드 외 등록일 23/10/11"
46680535,(주)리파인 각 부문별 신입/경력 채용공고,서울 강남구,,"Python, 데이터분석가, 데이터엔지니어, 백엔드/서버개발, 유지보수 외 수정일 23/10/04"
46715164,(주)딥노이드 신입/경력 채용 공고 [코스닥],서울전체,,"Python, 앱개발, 네트워크, 블록체인, 빅데이터 외 수정일 23/10/07"
46659129,[아이디어키] 2023년 각 부문 신입/경력 채용,서울 강남구,,"Python, 백엔드/서버개발, 웹개발, 검색엔진, 솔루션 외 수정일 23/10/13"
46635519,HL만도 & HL클레무브 Intelligent Vehicle Shcool 클래스메이트 1기 모집,서울 금천구,,"Python, 기술지원, 유지보수, QA/테스터, 머신러닝 외 수정일 23/10/05"
46746810,신입/경력직 개발자 채용,대전 중구,,"Python, 백엔드/서버개발, 웹개발, 유지보수, 프론트엔드 외 수정일 23/10/12"
46684987,[이든앤앨리스마케팅] 스페이스 마케팅 채용,서울 강남구,,"Python, 기술지원, 백엔드/서버개발, 앱개발, 웹개발 외 수정일 23/10/04"
46743691,백엔드(웹) 개발자,서울 서초구,,"Python, 백엔드/서버개발, 웹개발, 알고리즘, DevOps 외 수정일 23/10/13"
46710588,[코스닥상장사] 신테카바이오 연구원 및 신약개발 경력자 모집,대전 유성구,,"Python, 기술지원, 데이터분석가, 데이터엔지니어, 백엔드/서버개발 외 수정일 23/10/06"
46698737,[남구로/정규직전환/신입가능] IT사업본부 채용,서울 구로구,,"Python, 기술지원, 백엔드/서버개발, 보안컨설팅, 웹개발 외 수정일 23/10/12"
46711653,교강사 및 IT부문/사무직군 채용,서울 강동구,,"Python, 게임개발, 백엔드/서버개발, 앱개발, 웹개발 외 수정일 23/10/11"
45385266,각 분야 채용공고,서울 용산구,,"Python, 데이터엔지니어, 유지보수, SE(시스템엔지니어), 빅데이터 외 수정일 23/07/27"
46684806,[사업확장] 각 부문 신규 채용,경기 성남시 분당구,,"Python, 기술지원, 데이터분석가, 데이터엔지니어, 백엔드/서버개발 외 수정일 23/10/04"
46476231,[신입/경력] JAVA WEB 개발/클라우드/번역PM/챗봇구축 모집,서울 강남구,,"Python, 데이터분석가, 데이터엔지니어, 백엔드/서버개발, 웹개발 외 수정일 23/09/04"
46753851,자사 플랫폼 개발자 채용 (신입/경력),서울 강남구,,"Python, 웹개발, CSS, HTML, OracleDB 외 등록일 23/10/13"
41757583,2023년 하반기 신입 및 경력 대규모 채용,서울 금천구,,"Python, 웹개발, MySQL, PHP, 사무직 외 수정일 23/09/26"
46755302,[군산근무] 웹/앱 개발자 (신입&경력),전북전체,,"Python, 백엔드/서버개발, 앱개발, 웹개발, 퍼블리셔 외 등록일 23/10/13"
46731186,(주)덱스터스튜디오 VP본부 채용,서울 마포구,,"Python, 모델링, AR(증강현실), VR(가상현실), C++ 외 등록일 23/10/10"
46708814,AI 파이썬 백엔드 개발자 경력직,서울 강남구,,"Python, API, RDBMS, Flask, SQL 외 수정일 23/10/12"
44768051,[경력] 서버 엔지니어 (Python),서울 강남구,,"Python, 백엔드/서버개발, 웹개발, 프론트엔드, Django 외 수정일 23/10/06"
46493797,"IT개발·데이터(java script, python, Go 언어 부문) 채용",서울 강남구,,"Python, 백엔드/서버개발, 웹개발, 프론트엔드, API 외 수정일 23/09/02"
46746395,[Python SI 수원] 차세대 SCM 구축(4),경기 수원시 팔달구,,"Python, Hadoop, Pandas, SI·시스템통합, 솔루션업체 외 등록일 23/10/12"
46746232,[Python SM RPA 정자역] 물류 정산시스템 운영 초급-중급(1),경기 성남시 분당구,,"Python, RPA, 유지보수, AWS, Java 외 등록일 23/10/12"
46254060,Admin 개발 (Web/Python/Django),서울 마포구,,"Python, 백엔드/서버개발, 웹개발, 퍼블리셔, 프론트엔드 외 수정일 23/09/20"
46536043,RPA 설계 및 Python 개발자,경기 화성시,,"Python, IT컨설팅, SE(시스템엔지니어), SI개발, ICT컨설팅 외 수정일 23/09/27"
46644909,[경력] Solution/SW개발자 채용 - JAVA/Spring/Python,서울 강남구,,"Python, 웹개발, S/W, 솔루션, Java 외 수정일 23/10/10"
46363277,Python/Django 백엔드 개발자 (2년 이상),서울 마포구,,"Python, 백엔드/서버개발, 웹개발, SE(시스템엔지니어), 검색엔진 외 수정일 23/08/23"
46535745,"Java script, Go Lang, python 부문 채용",서울 강남구,,"Python, 백엔드/서버개발, 웹개발, 프론트엔드, API 외 등록일 23/09/07"
44846739,"해석엔진개발 (C++, Python, MATLAB, CUDA)",서울전체,,"Python, S/W, C++, C언어, Matlab 외 수정일 23/04/20"
46579224,Python 개발 경력 채용,경기 성남시 중원구,,"Python, R, 소프트웨어개발 등록일 23/09/14"
46608890,[경력] 개발실 소프트웨어 개발자 모집(python 개발자 우대),경기 구리시,,"Python, 백엔드/서버개발, 프론트엔드, Tensorflow, 솔루션업체 등록일 23/09/19"
46593310,(주)바이오커넥트 - 영상처리 알고리즘 개발(Python 및 딥러닝),서울 서초구,,"Python, 딥러닝, OpenCV, 알고리즘, 영상처리 외 등록일 23/09/15"
46646588,[플레이오] 백엔드(Python) 개발,서울 서초구,,"Python, 앱개발, SaaS, 모바일, 모바일게임 외 등록일 23/09/25"
46686406,응용 소프트웨어 개발자(PYTHON) 경력직 채용,경기 하남시,,"Python, 웹개발, 파워빌더, C++, C언어 외 수정일 23/10/04"
45931103,"웹개발자(Python, DJango)",서울 성동구,,"Python, 백엔드/서버개발, 웹개발, 블록체인, Django 외 수정일 23/06/15"
46668647,"(Java, Python) 프리렌서 개발자",경기 화성시,,"Python, Java, OracleDB, Spring, SI·시스템통합 외 등록일 23/09/27"
46755136,"데이터 분석 및 지표 설계 (R, Python,SQL)/ 중견기업",경기 성남시 분당구,,"Python, 데이터분석가, 빅데이터, R, SQL 외 수정일 23/10/13"
46665279,"백엔드 엔지니어(Python, Kotlin)",서울 서초구,,"Python, 백엔드/서버개발, 웹개발, DBA, Django 외 수정일 23/10/12"
46750828,"Sr. Back-end Engineer (백엔드 개발자, Python) - 글로벌 IT",서울 강남구,,"Python, 백엔드/서버개발, 웹개발, 모델링, 클라우드 외 등록일 23/10/12"
46025032,Python 백엔드 개발자,서울 마포구,,"Python, 백엔드/서버개발, 웹개발, 프론트엔드, DBA 외 수정일 23/06/28"
46710127,파이썬 백엔드 개발자,서울 성동구,,"Python, 데이터분석가, 백엔드/서버개발, 모델링, MongoDB 외 등록일 23/10/06"
46460420,"Python, ASP.Net, C# 개발자 모집",서울 서초구,,"Python, .NET, ASP.NET, C#, MSSQL 외 수정일 23/10/10"
46722428,"응용프로그램개발(Python, .NET, C#) 채용 공고",서울 금천구,,"Python, .NET, C#, Java, C++ 외 등록일 23/10/10"
46728712,"전기차 파워트레인 부품 제어설계(Python, MATLAB) [대리급]",서울 금천구,,"시스템설계, 자동차, 헤드헌팅 수정일 23/10/14"
46643715,ROS2/Vision/MFC/C# Python Tensorflow CUDA yolo v5 개발직,충남 천안시 동남구,,"Python, S/W, C#, VisualC·C++, C++ 외 등록일 23/09/25"
46592523,[(주) 쇼엠] 파이썬 개발자 신입 사원 채용,인천 연수구,,"Python, 기술지원, 백엔드/서버개발, 앱개발, 웹개발 외 등록일 23/09/15"
46553649,크립토택스팀과 함께할 Python 개발자를 찾고 있어요,서울 강남구,,"Python, 블록체인, 알고리즘, API, AWS 외 등록일 23/09/11"
46599105,파이썬 개발자 인력 채용,서울 영등포구,,"Python, 딥러닝, 알고리즘, 컴퓨터비전, Django 외 등록일 23/09/18"
46753921,백엔드/파이썬개발자,인천 부평구,,"Python, 백엔드/서버개발, 크롤링, API, Django 외 등록일 23/10/13"
45208631,[에이젠글로벌] Python Backend Engineer,서울전체,,"Python, 백엔드/서버개발, 웹개발, 프론트엔드, DBA 외 수정일 23/10/11"
46717422,대형저축은행 디지털금융빅데이터팀원 (R/Python/SAS/SQL) 채용,서울 강남구,,"Python, 데이터분석가, R, SAS, SQL 외 등록일 23/10/09"
46447106,Python 시스템 개발자 신입 및 경력사원 채용,경기 성남시 분당구,,"IT컨설팅, 딥러닝, MySQL, Pytorch, Tensorflow 외 등록일 23/08/28"
46731560,[알스퀘어] 파이썬 백엔드 서버 개발자 경력직 채용,서울 강남구,,"Python, 백엔드/서버개발, 인프라, API, RDBMS 외 등록일 23/10/10"
46690043,"[어터] 백엔드 개발자(Python, Django) 채용",경기 성남시 분당구,,"Python, 백엔드/서버개발, API, AWS, CSS 외 등록일 23/10/04"
46266536,"백엔드 개발자(Python, Django)",경기전체,,"Python, 백엔드/서버개발, 웹개발, 퍼블리셔, 프론트엔드 외 수정일 23/08/09"
45150066,Python 개발자 채용,경기전체,,"Python, SE(시스템엔지니어), 인프라, DevOps, Linux 외 수정일 23/07/18"
46470522,Python 개발자 채용,경기 용인시 기흥구,,"Python, DevOps, 네트워크, MLOps, 소프트웨어개발 등록일 23/08/30"
46717290,"Backend Engineer (Django, Python)",서울 중구,,"Python, 백엔드/서버개발, API, RDBMS, AWS 외 수정일 23/10/09"
46751104,"DX본부_서울 및 대구 ""백엔드개발자,서비스기획""",서울 강남구,,"Python, 백엔드/서버개발, 보안컨설팅, 유지보수, 정보보안 외 수정일 23/10/13"
46711698,[삼성SDS자회사] (주)시큐아이 경력사원 채용공고(채용 및 교육),서울 종로구,,"Python, 보안컨설팅, 정보보안, CISO, SE(시스템엔지니어) 외 등록일 23/10/06"
46740010,[삼성SDS자회사] (주)시큐아이 경력사원 채용공고(해외영업),서울 종로구,,"Python, 보안컨설팅, 정보보안, CISO, SE(시스템엔지니어) 외 등록일 23/10/11"
46719371,AI Developer (Back End),서울전체,,"Python, 데이터분석가, 백엔드/서버개발, 웹개발, 딥러닝 외 등록일 23/10/10"
46533536,"[스마트팜 NEXTON] 디지털정보팀(펌웨어,PLC,회로설계) 인재채용",서울 서초구,,"Python, 임베디드, 펌웨어, H/W, IoT 외 수정일 23/10/06"
46737615,백엔드 개발 채용,경기 하남시,,"Python, 백엔드/서버개발, 퍼블리셔, 프론트엔드, C# 외 등록일 23/10/11"
46687343,[국비지원 무료교육][추가모집] 항공우주전문인력양성사업 항공ICT 설계 융합 엔지니어 양성 과정(2차),서울 마포구,,"Python, 데이터분석가, 데이터엔지니어, 백엔드/서버개발, 웹개발 외 수정일 23/10/04"
46724313,"AI, 머신러닝 데이터분석가 등 신입 및 경력 채용",서울 강남구,,"Python, 데이터분석가, 머신러닝, 빅데이터, AI(인공지능) 외 수정일 23/10/10"
46649926,LG디스플레이 Vision S/W 분야 경력 상시채용,서울 강서구,,"Python, 머신러닝, 증착, 디스플레이, 반도체 외 등록일 23/09/25"
46707748,Java 기반 웹시스템 개발 및 시스템 유지관리,부산 해운대구,,"Python, 백엔드/서버개발, 웹개발, 웹마스터, 유지보수 외 수정일 23/10/06"
46712565,Java 개발자/DB 및 공간데이터 설계 채용,서울 금천구,,"Python, 기술지원, 데이터분석가, 데이터엔지니어, 백엔드/서버개발 외 수정일 23/10/07"
46701810,[제이에스티나] CRM부문 신입/경력직 모집,서울 송파구,,"Python, 데이터분석가, 데이터엔지니어, 데이터라벨링, 데이터마이닝 외 수정일 23/10/12"
46614006,[주4.5일] Back end (JAVA) 개발자 채용,서울 구로구,,"Python, 백엔드/서버개발, 앱개발, 웹개발, 프론트엔드 외 등록일 23/09/19"
46631740,(주)스카이오토넷 - 어라운드뷰 모니터링(AVM) SW 개발자 채용,서울 서초구,,"Python, 백엔드/서버개발, 앱개발, 웹개발, 유지보수 외 수정일 23/09/21"
46465098,웹 프론트엔드 / 백엔드 신입 개발자 모집,서울 중구,,"Python, 백엔드/서버개발, 웹개발, 프론트엔드, API 외 수정일 23/08/29"
46712657,[본사/월285만/자체직] '한국평가데이터' 재무DB 관리자 채용,서울 영등포구,,"Python, 데이터분석가, 웹개발, 빅데이터, SQL 외 수정일 23/10/13"
46761393,"에이아이티스토리 개발자 채용 (신입 가능, 경력자 우대)",서울 서초구,,"Python, 웹개발, DBA, 모델링, 빅데이터 외 등록일 23/10/13"
46524351,DT 경력직 상시채용,경기 안양시 동안구,,"Python, 데이터분석가, 데이터시각화, 빅데이터, R 외 수정일 23/09/06"
46388866,[패스오더] 급성장중인 스타트업 '데브옵스 엔지니어' 채용,서울 강남구,,"Python, 기술지원, 백엔드/서버개발, 앱개발, 웹개발 외 수정일 23/10/12"
46412032,(주)솔리드이엔지 사무직 - 클라우드 기술 신입사원 모집,대전 유성구,,"Python, 기술지원, 유지보수, 정보보안, IT컨설팅 외 수정일 23/08/22"
46600268,2023 하반기 개발자 모집합니다(java 경력),경기 부천시,,"Python, 백엔드/서버개발, 앱개발, 웹개발, 프론트엔드 외 등록일 23/09/18"
46753238,임베디드 하드웨어 및 소프트웨어 초.중급개발자 모집 [연구소],서울 구로구,,"Python, 백엔드/서버개발, 유지보수, 프론트엔드, SI개발 외 수정일 23/10/13"
46661604,S/W QA & Test Engineer (신입/경력) 모집합니다.,서울 구로구,,"Python, 백엔드/서버개발, 웹마스터, QA/테스터, SE(시스템엔지니어) 외 등록일 23/09/27"
46720297,DSO(PM/PMO/개발자/SaaS 서비스운영자 등) 채용,서울 강남구,,"Python, 기술지원, 백엔드/서버개발, 앱개발, 웹개발 외 등록일 23/10/10"
46666643,[연구개발] 알고리즘 개발자 경력사원 채용,서울 강남구,,"Python, 데이터분석가, 딥러닝, 머신러닝, 블록체인 외 수정일 23/09/27"
45936512,ICT융합 스마트팩토리 제어설계 교육생 모집(K-디지털),충남전체,,"Python, 데이터분석가, 네트워크, 딥러닝, 머신러닝 외 수정일 23/09/21"
46682791,연구 개발 부문(SW/기구/전장) 신입/경력 채용,경기 화성시,,"Python, 게임개발, 백엔드/서버개발, 앱개발, 웹개발 외 수정일 23/10/11"
46699486,[다우키움그룹사/본사] 다우기술 IT운영 엔지니어 모집,경기 용인시 수지구,,"Python, 기술지원, 데이터엔지니어, 백엔드/서버개발, 보안컨설팅 외 등록일 23/10/05"
46723688,[플랜아이] 개발자 채용 (JSP JAVA WEB),대전 유성구,,"Python, 웹개발, 유지보수, 프론트엔드, SI개발 외 등록일 23/10/10"
46681860,[하나텍시스템] 연구소 개발자 대규모 수시채용 진행중,경기 광명시,,"Python, 앱개발, SI개발, 데이터라벨링, 딥러닝 외 등록일 23/10/04"
46739577,암빅데이터센터 연구원 채용 (보건의료정보관리사),경기 고양시 일산동구,,"Python, 데이터분석가, 딥러닝, 머신러닝, 빅데이터 외 등록일 23/10/11"
46719999,지니언스에서 기술연구소 개발직 인턴을 모집합니다,경기 안양시 동안구,,"Python, 백엔드/서버개발, 앱개발, 웹개발, 정보보안 외 등록일 23/10/10"
46624044,[정규직/코스닥상장/연봉상향] 정보보안팀 인프라 관리 채용,서울 중구,,"Python, 데이터엔지니어, 정보보안, 퍼블리셔, 프론트엔드 외 수정일 23/10/12"
46602380,[넛지헬스케어] 백엔드개발 채용전환형 인턴,서울 강남구,,"Python, 백엔드/서버개발, 앱개발, 웹개발, 웹마스터 외 수정일 23/10/12"
46733905,(대전) 국방 M&S 연구분석관 모집,대전 유성구,,"Python, 데이터분석가, 빅데이터, AI(인공지능), R 외 등록일 23/10/11"
46638170,[여의도/본사] 현대카드 데이터추출 SQL활용가능자 채용,서울 영등포구,,"Python, 데이터분석가, 정보보안, QA/테스터, 빅데이터 외 수정일 23/09/26"
46681994,헥토이노베이션 직군별 인재 모집,서울 강남구,,"Python, 데이터분석가, 백엔드/서버개발, 앱개발, 웹개발 외 수정일 23/10/04"
46735700,위성영상 영상기술 정규직 채용 (대전),대전 유성구,,"Python, 기술지원, 데이터엔지니어, 빅데이터, 영상처리 외 수정일 23/10/11"
46736200,위성영상 영상기술 정규직 채용 (제주),제주 제주시,,"Python, 기술지원, 데이터엔지니어, 빅데이터, 영상처리 외 수정일 23/10/11"
46402452,[뉴로메카] 제품개발(HW)담당자 채용,서울 성동구,,"Python, 백엔드/서버개발, 프론트엔드, API, Android 외 수정일 23/09/21"
43226714,K8S Product Support Engineer,서울전체,,"Python, 웹개발, 프론트엔드, SE(시스템엔지니어), 인프라 외 수정일 22/12/13"
46756375,[주4.5일근무] 광고 데이터 분석/기획자 채용,서울 구로구,,"Python, 데이터분석가, 데이터엔지니어, 데이터마이닝, 데이터시각화 외 등록일 23/10/13"
46750078,진스토리코리아 2023년 하반기 신입 및 경력 채용,서울 금천구,,"Python, 데이터분석가, 데이터시각화, Linux, 국제무역사 외 등록일 23/10/12"
46698330,프로그래머 (신입/경력) 모집합니다.,서울 강서구,,"Python, 웹개발, RDBMS, AWS, Java 외 등록일 23/10/05"
46755449,[NIT Service] 네이버 파이낸셜 플랫폼 운영,경기 성남시 분당구,,"Python, 백엔드/서버개발, 웹개발, SE(시스템엔지니어), C++ 외 등록일 23/10/13"
46698638,[SPOTV] 데이터 수집 서비스개발 담당자 채용,서울 마포구,,"Python, 기술지원, 데이터분석가, 데이터엔지니어, 백엔드/서버개발 외 수정일 23/10/05"
46509664,(주)키프라임리서치 2023년 수시채용(재무회계/전산/인사총무),충북 청주시 흥덕구,,"Python, 기술지원, 유지보수, 정보보안, 전산회계 외 등록일 23/09/05"
46754054,휴먼 데이터 분석/진단 임상 선행 연구원 모집(부산근무),부산 사상구,,"Python, 데이터마이닝, 데이터시각화, 딥러닝, 머신러닝 외 등록일 23/10/13"
46667743,(주)모멘티 에이전시 백엔드 개발자 추가 채용 [강남구],서울 강남구,,"Python, 백엔드/서버개발, 웹개발, Ajax, Django 외 등록일 23/09/27"
46741058,[Tech] 데이터 엔지니어,서울전체,,"Python, 백엔드/서버개발, 웹개발, SE(시스템엔지니어), 데이터마이닝 외 수정일 23/10/11"
45478853,서버/백엔드 신입 및 경력,경기전체,,"Python, 백엔드/서버개발, 웹개발, 프론트엔드, DBA 외 수정일 23/07/12"
46519194,IT 웹/서버 프로그램 개발자 모집(신입/경력),경기 용인시,,"Python, 백엔드/서버개발, 앱개발, 웹개발, 정보보안 외 수정일 23/10/12"
46729074,소프트웨어(3D) 개발자 신입채용,전북 전주시,,"Python, 게임개발, GM(게임운영), 모델링, S/W 외 수정일 23/10/10"
46735738,F&F 데이터기획팀 채용연계형 인턴 채용,서울 강남구,,"Python, React, DW, SQL, 의류·의상 등록일 23/10/11"
46667801,백엔드 개발자 추가 채용 [강남구],서울 강남구,,"Python, 백엔드/서버개발, 웹개발, 프론트엔드, DBA 외 등록일 23/09/27"
46748997,[의료AI기업] 뇌공학/AI/의공학/Medical affairs 인재 모집,서울 강남구,,"Python, 신경망, 알고리즘, 쉘스크립트, Matlab 외 등록일 23/10/12"
46548178,하반기 R&D 대규모 채용 (데이터분석/사이언티스트),서울 강남구,,"Python, 데이터분석가, 데이터엔지니어, 데이터라벨링, 데이터마이닝 외 등록일 23/09/11"
46448094,JAVA 개발/컨텐츠 개발/서비스기획자/Frontend/Backend개발 채용,서울 송파구,,"Python, 데이터분석가, 백엔드/서버개발, 유지보수, 프론트엔드 외 수정일 23/10/12"
46702435,데이터분석가 신입 및 경력 채용,부산 연제구,,"Python, 데이터분석가, 데이터라벨링, 데이터마이닝, 데이터시각화 외 수정일 23/10/05"
46744432,백엔드 개발자(Django) 신입/경력 채용,부산 해운대구,,"Python, 백엔드/서버개발, 클라우드, API, DevOps 외 수정일 23/10/12"
46734112,[펫프렌즈] 데이터분석가 모집,서울 강남구,,"Python, 데이터분석가, 데이터시각화, 빅데이터, MySQL 외 등록일 23/10/11"
46746919,레이더 신호 처리 개발 (국내 유명 자동차부품 제조기업),경기 수원시 영통구,,"Python, C언어, Git, Matlab, SVN 외 수정일 23/10/12"
46681483,유디에스(주) 정규직 채용 (Data Platform 개발),경기 성남시 수정구,,"Python, 웹개발, SE(시스템엔지니어), SI개발, 데이터시각화 외 등록일 23/10/04"
46640330,[쉐코] 로보틱스 개발자 선임/ 책임 연구원 정규직 채용,인천 남동구,,"Python, 자율주행, C++, C언어, 로봇설계 외 수정일 23/09/26"
46459817,개발자 경력자 채용 (정규직),서울 강남구,,"Python, 백엔드/서버개발, 앱개발, 웹개발, 유지보수 외 수정일 23/10/04"
45922967,주니어 데브옵스 엔지니어(DevOps Engineer),서울 서초구,,"Python, 백엔드/서버개발, 웹개발, 프론트엔드, SE(시스템엔지니어) 외 등록일 23/06/14"
46699583,백엔드 채용,서울 서초구,,"Python, 백엔드/서버개발, 솔루션, API, DBMS 외 등록일 23/10/05"
46388855,[패스오더] 급성장중인 스타트업 '그로스 마케터' 채용,부산 부산진구,,"Python, 데이터분석가, 데이터엔지니어, 데이터라벨링, 데이터마이닝 외 수정일 23/09/22"
46712383,[eMoldino] AI Data Scientist,서울 중구,,"Python, 데이터분석가, SE(시스템엔지니어), 데이터마이닝, 데이터시각화 외 등록일 23/10/06"
46388839,[패스오더] 급성장중인 스타트업 '데이터 엔지니어' 채용,부산 부산진구,,"Python, 데이터분석가, 데이터엔지니어, 백엔드/서버개발, 앱개발 외 수정일 23/10/12"
46750311,전 직무 채용 [물류자동화/개발/사업기획],경기 성남시 분당구,,"Python, 백엔드/서버개발, 앱개발, 웹개발, 딥러닝 외 수정일 23/10/13"
46729437,[클라리파이] 기업부설연구소 신입/경력 개발자 채용,서울 종로구,,"Python, SI개발, 딥러닝, 머신러닝, 빅데이터 외 등록일 23/10/10"
46733676,[뷰티테크기업] 에이피알 각 부문별 IT/개발직군 모집,서울 송파구,,"Python, 데이터분석가, 데이터엔지니어, 웹개발, 퍼블리셔 외 수정일 23/10/11"
46682586,웹서비스 개발자 신입 채용,서울 강남구,,"Python, 웹개발, SI개발, 딥러닝, API 외 수정일 23/10/04"
46728709,[국비무료] 풀스택 개발/국제무역물류/ERP/UI/UX&웹퍼블리싱 실무자 양성 모집,부산전체,,"Python, 데이터분석가, 데이터엔지니어, 백엔드/서버개발, 앱개발 외 수정일 23/10/11"
46733926,머신러닝 엔지니어 / AI Researcher,서울전체,,"Python, 데이터분석가, 백엔드/서버개발, 웹개발, 딥러닝 외 등록일 23/10/11"
46666841,반도체 검사 알고리즘 신입 채용 직원 구인 공고,경기 수원시 영통구,,"Python, 백엔드/서버개발, 앱개발, 웹개발, 웹마스터 외 수정일 23/09/28"
46637019,각 부문별 경력/신입 채용,경기 용인시 기흥구,,"Python, 백엔드/서버개발, 프론트엔드, 빅데이터, 아두이노 외 수정일 23/10/05"
46557807,"Qoo10 기술본부 경력 채용 (시스템 엔지니어, DBA, 보안)",서울 강남구,,"Python, 백엔드/서버개발, 웹개발, 정보보안, 퍼블리셔 외 수정일 23/10/06"
46607015,"기술보안 담당, 인사 기획및 운영 담당 경력직 채용공고",서울 영등포구,,"Python, 보안컨설팅, 정보보안, 네트워크, 솔루션 외 수정일 23/10/11"
46704234,(TMS개발부문)Data Engineer 채용,서울 금천구,,"Python, 기술지원, 데이터분석가, 데이터엔지니어, 솔루션 외 수정일 23/10/06"
46756250,[(주)케이뱅크] CRM/마케팅 컨텐츠 운영자,서울 중구,,"CRM마케팅, 마케팅, 금융기관, 일반은행 등록일 23/10/13"
46761502,WONIK IPS One-Team R&D박사 수시채용,경기 평택시,,"학술연구, 부품설계, 반도체설계, CVD, PVD 외 등록일 23/10/13"
46719233,[이차전지 진단평가] 연구개발직원 채용,대전 유성구,,"연구원, R&D, 전기기술 등록일 23/10/10"
46739362,"서비스 운영, 개발 분야 신입 및 경력자 모집",서울 구로구,,"Python, 앱개발, 웹개발, PHP, 사무직 외 수정일 23/10/12"
46745288,"[개발팀] IT개발자(ERP, 웹앱) 개발 경력직 채용",부산 사상구,,"Python, C#, Delphi, Java, MSSQL 외 등록일 23/10/12"
46681727,2023년 유디에스(주) 정규직 채용 (품질관리),경기 성남시 수정구,,"생산관리, QA, QC, 품질관리, 제조 외 등록일 23/10/04"
46514871,[강남구] 딥러닝 솔루션 SW 청년 개발자 채용,서울 강남구,,"Python, 앱개발, 웹개발, 프론트엔드, 데이터라벨링 외 등록일 23/09/05"
46425883,신입 ERP 개발 및 유지보수 채용,서울 금천구,,"Python, 데이터분석가, 데이터엔지니어, 앱개발, 웹개발 외 등록일 23/08/24"
46503142,충북대학교병원 국책과제 연구원 채용공고(AI),충북 청주시 서원구,,"Python, 딥러닝, 머신러닝, 모델링, 빅데이터 외 등록일 23/09/04"
46730624,"Software I&V Engineer 채용 (00명, 채용시 마감)",서울 금천구,,"Python, 기술지원, 데이터엔지니어, 유지보수, IT컨설팅 외 등록일 23/10/10"
46688902,[스타랩스] 웹개발자 초/중/고/특급 채용,서울 강남구,,"Python, 백엔드/서버개발, 웹개발, 프론트엔드, SE(시스템엔지니어) 외 수정일 23/10/10"
46592604,[(주) 쇼엠] 모바일 앱 개발자 사원 채용,인천 연수구,,"Python, 기술지원, 백엔드/서버개발, 앱개발, 웹개발 외 수정일 23/09/15"
46697504,"[자율주행/서울] Deep Learning, SW Engineer",서울 강남구,,"Python, 알고리즘, 영상처리, 이미지프로세싱, 임베디드 외 등록일 23/10/05"
46744144,CRM 마케터 경력 정규직 채용,서울 강남구,,"마케팅기획, 마케팅전략, CRM마케팅, 광고캠페인, 통계/분석 외 수정일 23/10/13"
46738644,[(주) 쇼엠] 개발자 수-일 직원 채용,인천 연수구,,"Python, 기술지원, 백엔드/서버개발, 앱개발, 웹개발 외 수정일 23/10/11"
46689621,[쿠팡CFS] Data Analyst (데이터 분석가),서울 송파구,,"데이터마이닝, MySQL, NoSQL, PostgreSQL, SQL 외 수정일 23/10/05"
46602829,인공지능 AI 와 빅데이터 분석 프로그램 개발자 모집,서울 금천구,,"Python, 데이터분석가, 데이터엔지니어, DBA, SI개발 외 수정일 23/10/04"
46488996,[LINE PLUS] LINE Messaging Anti-Abuse Data Engineer,경기 성남시 분당구,,"Python, AI(인공지능), Kafka, Scala, Spark 외 수정일 23/09/01"
46730410,인더스마트(주) 정규직 모집 공고 (기획팀),서울 종로구,,"기획, 전략기획, 사업관리, 시장조사, 인큐베이팅 외 수정일 23/10/11"
46710692,[비파괴검사 자동평가 솔루션] 데이터 분석가 신입/경력 채용,부산 기장군,,"데이터분석가, 데이터엔지니어, 데이터마이닝, 데이터시각화, 딥러닝 외 수정일 23/10/06"
46620923,[사세확장 충원] 이미지 데이터 단순 가공(라벨링),경기 안양시 동안구,,"Python, AI(인공지능), VisualC·C++, R&D, 연구소 수정일 23/10/05"
46691507,빅데이터 분석 프로그램 개발자 인턴 모십니다.,서울 금천구,,"Python, 데이터분석가, 데이터엔지니어, DBA, SI개발 외 등록일 23/10/04"
46602906,빅데이터 및 통계 분석 및 시각화 개발자 모십니다.,서울 금천구,,"Python, 데이터분석가, 데이터엔지니어, SI개발, 데이터라벨링 외 수정일 23/10/04"
46653888,로데슈바르즈코리아 Service Technician & Application Engineer,서울 강남구,,"Python, 유지보수, 프론트엔드, 정보통신, H/W 외 수정일 23/09/26"
46631237,[환경기술팀] 통합환경허가 및 환경인허가 경력/신입 사원 모집,울산 남구,,"인/허가, 대기환경기사, 수질환경기사, 토양환경기사, 환경관리자 외 수정일 23/09/22"
46661430,2023년 데이터 분야 신입 직원 추가 채용 공고,서울 영등포구,,"데이터분석가, ICT컨설팅, 데이터라벨링, 데이터마이닝, 데이터분석 외 수정일 23/09/27"
46691367,[세무 플랫폼] 백엔드 개발자 채용 [신입 및 경력(팀장급)],서울 구로구,,"Python, 백엔드/서버개발, 웹개발, 유지보수, 핀테크 외 등록일 23/10/04"
46640391,[쿠팡이츠] 데이터 분석 담당자 (2년 이상),서울 송파구,,"PL(프로젝트리더), PM(프로젝트매니저), 기획, Project, 전자상거래 외 수정일 23/10/04"
46617752,S/W 파트 경력 채용 [CM 개발팀],인천 연수구,,"Python, 데이터분석가, 데이터엔지니어, 데이터시각화, 알고리즘 외 수정일 23/09/20"
46758521,데이터 분석가 (Data Analyst),서울 용산구,,"Python, AWS, jQuery, SQL, PO(프로덕트오너) 외 수정일 23/10/14"
46623683,[인텔리전스랩스] 데이터 분석가 (개인화 콘텐츠),경기 성남시 분당구,,"Python, 데이터분석가, 머신러닝, SQL, 게임 수정일 23/09/20"
46758182,[국비무료IT취업]자바/웹앱/프론트·백엔드/풀스택/빅데이터 외,서울 강남구,,"데이터분석가, 데이터엔지니어, 앱개발, 웹개발, 웹마스터 외 수정일 23/10/13"
46713799,[ASML] Brion Field Application Engineer,경기 화성시,,"공정엔지니어, 기술엔지니어, 설계엔지니어, 반도체설계, 반도체 외 등록일 23/10/06"
46731587,"[풀스택개발자] 안드로이드, IOS 개발자 모집(신입), Flutter",서울 금천구,,"Python, 앱개발, 머신러닝, IoT, AI(인공지능) 외 등록일 23/10/10"
46245588,[사람인] 플랫폼 Business Analyst,서울 구로구,,"Python, 데이터분석가, 데이터시각화, 상품분석, 마케팅전략 외 수정일 23/10/14"
46529376,[OK금융그룹]-OK인베스트먼트파트너스(IT/기획) 경력직 채용공고,서울 중구,,"Python, 백엔드/서버개발, 앱개발, 웹개발, 데이터분석 외 등록일 23/09/07"
46662270,코딩 강사 [씨큐브코딩센터/중계/잠실/평촌],서울 송파구,,"Python, 데이터분석가, AI(인공지능), Java, 교육컨설턴트 외 수정일 23/09/29"
46403336,충북대학교병원 인공지능센터 AI연구원 채용공고,충북 청주시 서원구,,"Python, 딥러닝, 머신러닝, 빅데이터, AI(인공지능) 외 수정일 23/08/21"
46650836,[인텔리전스랩스] 데이터 분석가 (마케팅),경기 성남시 분당구,,"Python, 데이터분석가, 딥러닝, 모델링, MSSQL 외 등록일 23/09/25"
46650961,에이엠텔레콤㈜ 신입/경력 채용 모집,경기 성남시 분당구,,"Python, 기술지원, 데이터분석가, 데이터엔지니어, 백엔드/서버개발 외 수정일 23/09/26"
46695684,23년 3차 신입 공채,서울 마포구,,"Python, 기술지원, 백엔드/서버개발, 보안컨설팅, 웹개발 외 수정일 23/10/06"
46533626,2023년 신입 및 경력 채용,경기 성남시 분당구,,"Python, 유지보수, 퍼블리셔, SE(시스템엔지니어), 머신러닝 외 수정일 23/10/06"
46723335,[온누리약국 헬스케어그룹] 2023년 부문별 공개채용,서울 강남구,,"Python, 백엔드/서버개발, 웹개발, 프론트엔드, SE(시스템엔지니어) 외 수정일 23/10/13"
46762301,어학전공 + 파이썬 개발 능력자,서울 서초구,,"Python, 텍스트마이닝, NLP(자연어처리), NLU(자연어이해), 소프트웨어개발 등록일 23/10/14"
46366150,㈜푸드테크 하반기 신입/경력 전부문 채용,서울 강남구,,"Python, 데이터분석가, 데이터엔지니어, 백엔드/서버개발, 웹개발 외 수정일 23/09/26"
46748026,한국알프스㈜ 부문별 신입/경력 채용,광주 광산구,,"Python, 백엔드/서버개발, 보안컨설팅, 웹개발, 정보보안 외 수정일 23/10/13"
46593017,[SK그룹 계열사 ㈜더비즈] 각 부문별 신입/경력 채용,서울 서초구,,"Python, 백엔드/서버개발, 앱개발, 웹개발, 퍼블리셔 외 수정일 23/09/15"
46583635,[이그니스] 랩노쉬 2023년 공개채용,서울 성동구,,"CFA, CFO, IR/공시, 관리회계, 세무회계 외 수정일 23/10/10"
46724666,파이썬 개발자 경력직 모집 - (정규직& 계약직),서울 금천구,,"Python, Django, Flask, MySQL, 유지보수 외 등록일 23/10/10"
46461329,서울대학교병원 데이터분석/머신러닝 연구원 및 대학원생 채용,서울 종로구,,"Python, 데이터분석가, 데이터엔지니어, 딥러닝, 머신러닝 외 등록일 23/08/29"
46645791,2023 대보그룹 신입사원 공개채용,서울 강남구,,"Python, 앱개발, 유지보수, 영상처리, 임베디드 외 수정일 23/10/06"
46391023,"자바, 파이썬 등 개발자 과정 강의가능한 전문강사를 채용합니다",경기 성남시 중원구,,"IT강사, IT학원 등록일 23/08/19"
46406646,㈜위즈코리아/㈜위즈COK '23년 하반기 신입/경력 사원 모집,서울 강서구,,"Python, 백엔드/서버개발, 웹개발, 정보보안, 퍼블리셔 외 수정일 23/09/25"
46733651,H&iruja 신입/경력 채용,충남 아산시,,"Python, 데이터분석가, 네트워크, 정보통신, H/W 외 수정일 23/10/11"
46665643,2023년 농심그룹 대졸 신입/경력사원 채용,서울 동작구,,"기업회계, 세무회계, 예산관리, 외부감사, 재무회계 외 수정일 23/10/05"
46728767,주식회사 카이스 2023년 수시채용,경기 성남시 분당구,,"Python, 기술지원, 데이터분석가, 데이터엔지니어, 백엔드/서버개발 외 수정일 23/10/12"
46738796,각 부문 신입/경력사원 모집,서울 영등포구,,"Python, 기술지원, 데이터분석가, 데이터엔지니어, 백엔드/서버개발 외 수정일 23/10/12"
46739678,SW Developer 채용 (신입/경력),서울 금천구,,"Python, 백엔드/서버개발, 앱개발, 웹개발, 네트워크 외 수정일 23/10/11"
46724644,파이썬 개발자 경력 채용 - (정규직&계약직),서울 금천구,,"Python, Django, Flask, MySQL, 유지보수 외 등록일 23/10/10"
46470511,[사세확장] 각 부서별 정규직 채용,경기 김포시,,"Python, 기술지원, 데이터분석가, 데이터엔지니어, 백엔드/서버개발 외 수정일 23/10/05"
46613598,그린컴퓨터아트학원 청주점 파이썬 특강 강사 모집,충북 청주시 서원구,,"Python, 백엔드/서버개발, 웹개발, IT강사, 직업훈련 외 수정일 23/09/19"
46702096,하나증권 경력직 인재채용,서울 영등포구,,"Python, 데이터분석가, 데이터엔지니어, 보안컨설팅, 앱개발 외 수정일 23/10/06"
46507605,[그린컴퓨터학원]학원/직업훈련 교·강사 모집( 파이썬2D영상XD),경기 부천시,,"파트강사, 학원강사, 훈련교사, 직업훈련, 컴퓨터교육 외 수정일 23/10/05"
46564651,"태광그룹 ㈜티시스아이티 우수 ""IT 기술 리더"" 영입",서울 중구,,"Python, 기술지원, 데이터분석가, 데이터엔지니어, 백엔드/서버개발 외 수정일 23/09/12"
46681993,[주 3일 원격근무] 비상교육 10월 전체직무 수시채용,서울 구로구,,"Python, Windows, HTML, Java, 전산회계 외 수정일 23/10/04"
46701127,파이썬 프로그램 개발자,서울 성동구,,"Python, 백엔드/서버개발, 웹개발, SE(시스템엔지니어), Linux 외 등록일 23/10/05"
46672455,파이썬 백엔드 개발자 모집,서울 강남구,,"백엔드/서버개발, 솔루션, ERP, Django, 소프트웨어개발 수정일 23/10/02"
46375504,(주)싸이버로지텍 2023년 경력 채용,서울 마포구,,"Python, 데이터분석가, 데이터엔지니어, 백엔드/서버개발, 웹개발 외 수정일 23/09/22"
46627145,[병점역] 정보기술개발(자바/파이썬/스프링) 교강사 채용,경기 화성시,,"학원강사, 훈련교사, IT강사, 직업훈련, IT학원 등록일 23/09/21"
46451366,각 부문 신입 / 경력 채용,경기 군포시,,"Python, 기술지원, 데이터분석가, 유지보수, 머신러닝 외 수정일 23/10/04"
46661434,CoAsia 반도체 부문 신입 및 경력 공개채용,서울 송파구,,"Python, 임베디드, FPGA, S/W, Android 외 수정일 23/09/29"
46626279,신입사원 채용 및 채용연계형 인턴 모집 공고,전국,,"Python, 데이터분석가, 데이터엔지니어, 백엔드/서버개발, 웹개발 외 수정일 23/09/22"
46654628,[서울 마곡] (경력무관) 파이썬/엑셀 능통자 신입환영,서울 강서구,,"사무보조, 판매 등록일 23/09/26"
46438067,"23년 하반기 공개채용(PM, S/W, F/W개발, 기구설계 외)",경기 평택시,,"기술지원, 백엔드/서버개발, 앱개발, 웹개발, 퍼블리셔 외 수정일 23/09/21"
46754565,신입/경력 10월 수시채용 공고,경기 군포시,,"Python, 보안컨설팅, 정보보안, 퍼블리셔, 프론트엔드 외 수정일 23/10/13"
46589861,"IT강사(SW엔지니어링(파이썬.자바 등), AI, 빅데이터) 구인",서울 금천구,,"IT강사, 정보보호교육, 코딩, 직업전문학교 등록일 23/09/15"
46688277,[서울대병원 1호 스타트업] 각 부문별 신입/경력 인재 모집(수시채용),서울 종로구,,"Python, 데이터분석가, 데이터엔지니어, 백엔드/서버개발, 프론트엔드 외 수정일 23/10/05"
45179740,파이썬 백엔드 엔지니어,서울전체,,"Python, 백엔드/서버개발, 웹개발, DBA, SE(시스템엔지니어) 외 등록일 23/03/03"
46739255,[정규직] 웹 개발자 모집(경력/파이썬 필수),서울 영등포구,,"Python, 앱개발, 웹개발, Java, 챗봇 외 등록일 23/10/11"
46646570,"AI, 빅데이터, 머신러닝 연구원 모집",서울 영등포구,,"Python, 데이터분석가, 머신러닝, 빅데이터, AI(인공지능) 외 등록일 23/09/25"
46745726,[대기업/5200-6600만] 기술연구소 데이터엔지니어,서울 강동구,,"Python, 데이터분석가, 데이터엔지니어, DBA, 데이터라벨링 외 등록일 23/10/12"
46662844,[대기업/시청역/복지최상] 시스템 개발 및 유지보수(전산팀),서울 중구,,"Python, 기술지원, 웹개발, 웹마스터, 유지보수 외 수정일 23/10/12"
46745964,"[자율출근] 출퇴근 FREE해요 typescript, nodejs, MySQL",서울 서초구,,"Python, 백엔드/서버개발, 웹개발, 퍼블리셔, 프론트엔드 외 등록일 23/10/12"
46690510,IT전산 담당자 채용,대구 수성구,,"Python, 유지보수, SE(시스템엔지니어), SI개발, Java 외 등록일 23/10/04"
46717847,소프트웨어 개발자 ( 보충역 병역특례 가능 ),서울전체,,"Python, 백엔드/서버개발, 앱개발, 웹개발, 정보보안 외 등록일 23/10/09"
46755573,[삼성SDS자회사] (주)시큐아이 경력사원 채용(개발),서울 종로구,,"Python, 백엔드/서버개발, 보안컨설팅, 웹개발, 정보보안 외 등록일 23/10/13"
46448053,인프라 운영 관리( 시스템 엔지니어 ) #유연근무#정규직#선릉역,서울 강남구,,"Python, 유지보수, 정보보안, SE(시스템엔지니어), 검색엔진 외 수정일 23/09/25"
46729324,기술연구소 SW 개발자 채용 공고,서울 강동구,,"Python, 솔루션, 알고리즘, S/W, C# 외 수정일 23/10/10"
46541032,[최초공채]썬더소프트 SW인재 대규모 채용 I 입사축하금 100만원,경기 성남시 분당구,,"Python, 백엔드/서버개발, 프론트엔드, QA/테스터, SE(시스템엔지니어) 외 수정일 23/09/15"
46752768,Sr. Application Engineer - HAV 신입/경력 채용,경기 성남시 분당구,,"Python, 기술지원, 펌웨어, FPGA, S/W 외 수정일 23/10/13"
40607070,웹풀스택 개발자,서울 서초구,,"Python, 백엔드/서버개발, 웹개발, 퍼블리셔, 프론트엔드 외 수정일 23/07/05"
46740904,[코스닥상장사 수산INT] 클라우드 플랫폼 개발자(백엔드) 모집,대전 서구,,"Python, 백엔드/서버개발, 보안컨설팅, 유지보수, 정보보안 외 수정일 23/10/12"
46382779,데이터분석가 신입/경력 모집,서울 용산구,,"Python, 데이터분석가, 데이터엔지니어, 데이터라벨링, 데이터마이닝 외 등록일 23/08/18"
46721914,2023년 하반기 경력사원 모집,경기 성남시 수정구,,"Python, QA/테스터, 딥러닝, 머신러닝, 빅데이터 외 등록일 23/10/10"
46544620,IT개발자 대규모 채용 (정규직),서울 강남구,,"Python, 기술지원, 백엔드/서버개발, 앱개발, 웹개발 외 수정일 23/09/08"
46449121,ITEASY 시스템 개발팀 신입&경력 채용,서울 서초구,,"Python, 백엔드/서버개발, 웹개발, 프론트엔드, SE(시스템엔지니어) 외 등록일 23/08/28"
46583616,[카카오자회사] 공통 플랫폼 운영 및 개발자 채용,경기 성남시 분당구,,"Python, 백엔드/서버개발, 앱개발, 웹개발, API 외 수정일 23/09/14"
46730437,국립암센터 인공지능사업팀 데이터 큐레이션 과제연구원,경기 고양시 일산동구,,"Python, 빅데이터, MariaDB, PostgreSQL, 연구원 외 등록일 23/10/10"
46409470,[뉴로메카] 시스템개발그룹 인력 채용,경북 포항시 북구,,"Python, 로봇엔지니어, 로봇설계, 기계조작원, 기술엔지니어 외 수정일 23/10/06"
46666293,"[앤씨앤/넥스트칩] 2023년 10월 연구소, 영업마케팅 각 부문 모집",경기 성남시 분당구,,"Python, 데이터분석가, 데이터엔지니어, 백엔드/서버개발, 앱개발 외 수정일 23/10/01"
46744483,생물정보분석(Bioinformatics) 직원 채용(신입/경력),서울 강서구,,"Python, 데이터분석가, 데이터엔지니어, 머신러닝, 알고리즘 외 수정일 23/10/12"
46552092,데이터 엔지니어 (~2년),서울 종로구,,"Python, 백엔드/서버개발, 웹개발, SE(시스템엔지니어), 데이터마이닝 외 등록일 23/09/11"
46689467,"[쿠팡CFS] 물류 자동화 로봇(AGV,AMR) S/W 엔지니어",대구 달성군,,"Python, S/W, C++, Java, Javascript 외 수정일 23/10/05"
46698291,[면접비 지급] 인공지능 기반 머신비전 연구개발,경기 화성시,,"Python, SI개발, 딥러닝, 머신러닝, 빅데이터 외 등록일 23/10/05"
46753088,하반기 정규직 SI 시스템통합 신규/경력직 모집,경기 성남시 분당구,,"Python, IT컨설팅, SI개발, Java, PMO 외 등록일 23/10/13"
46684458,[이든앤앨리스마케팅] 브랜드체험관 AE 경력직 채용,경기 고양시 일산서구,,"Python, 기술지원, 백엔드/서버개발, 앱개발, 웹개발 외 수정일 23/10/04"
46720273,JR0249627 SW engineer intern (Open),서울 강남구,,"Python, H/W, S/W, C++, CSS 외 등록일 23/10/10"
46654392,RPA 개발 및 운영 경력직 채용,서울 중구,,"Python, 데이터분석가, 데이터엔지니어, 유지보수, IT컨설팅 외 수정일 23/09/26"
46634523,차세대연구소 엔지니어 신입 및 경력 모집(설계/HW/SW알고리즘),경기 성남시 중원구,,"Python, 딥러닝, 빅데이터, 알고리즘, H/W 외 수정일 23/10/04"
46681598,웹(Web) 개발 정규직 및 계약직 채용,서울 금천구,,"Python, 백엔드/서버개발, 웹개발, 프론트엔드, 반응형웹 외 수정일 23/10/04"
46680622,(주)더캐리 정보혁신부 IT부문별 공개채용,서울 용산구,,"Python, 백엔드/서버개발, 앱개발, 웹개발, 프론트엔드 외 등록일 23/10/04"
46671814,㈜지엔코 시스템부문 개발팀 경력직원 채용,서울 송파구,,"Python, 백엔드/서버개발, 웹개발, 웹마스터, 퍼블리셔 외 수정일 23/10/01"
46639066,백엔드 개발자 경력직 채용,서울 서초구,,"Python, 백엔드/서버개발, 웹개발, DBA, SE(시스템엔지니어) 외 수정일 23/09/22"
46698232,[KIS자산평가] 각 부문별 신입/경력 채용 공고,서울 영등포구,,"Python, 데이터분석가, 앱개발, 관리회계, 재무회계 외 수정일 23/10/12"
46754814,(주)디지털존 사업기획팀 인공지능 개발자 채용,서울 마포구,,"Python, 데이터분석가, 백엔드/서버개발, 앱개발, 웹개발 외 등록일 23/10/13"
46719760,FinOps(Cloud Finance Operation/인프라 기획),서울전체,,"Python, 기술지원, 백엔드/서버개발, 웹개발, SE(시스템엔지니어) 외 수정일 23/10/10"
46710784,[Salesforce/기흥] Java 개발자 채용(신입),경기 용인시 기흥구,,"Python, 백엔드/서버개발, 웹개발, 유지보수, 프론트엔드 외 등록일 23/10/06"
46735038,[아이브릭스] 기업부설연구소 채용공고,경기 성남시 분당구,,"Python, 백엔드/서버개발, 프론트엔드, 딥러닝, 머신러닝 외 등록일 23/10/11"
46571107,다날 시스템 운영 및 관제 부문 신입 채용,서울 서초구,,"Python, 정보보안, 네트워크, 핀테크, IDC 외 등록일 23/09/13"
